{
  "config": {
    "ignore_stop_words": true,
    "unit_name": "lookup_intent_parser"
  },
  "entity_scopes": [
    {
      "entity_scope": {
        "builtin": [],
        "custom": []
      },
      "intent_group": [
        "Ask_Time",
        "Bank_and_ATM_Location",
        "Card_Activation",
        "Card_Close",
        "Credit_Card_Limit",
        "EMI_Query",
        "E_Commerce_Request",
        "Exchange_rate",
        "affirm",
        "agent_transfer",
        "bKash_transfer",
        "check_balance",
        "check_human",
        "deny",
        "explain",
        "greet",
        "inform",
        "out_of_scope",
        "weather"
      ]
    }
  ],
  "intents_names": [
    "Ask_Time",
    "Bank_and_ATM_Location",
    "Card_Activation",
    "Card_Close",
    "Credit_Card_Limit",
    "EMI_Query",
    "E_Commerce_Request",
    "Exchange_rate",
    "affirm",
    "agent_transfer",
    "bKash_transfer",
    "check_balance",
    "check_human",
    "deny",
    "explain",
    "greet",
    "inform",
    "out_of_scope",
    "weather"
  ],
  "language_code": "en",
  "map": {
    "-2131588777": [
      17,
      []
    ],
    "-2127086024": [
      4,
      []
    ],
    "-2120690943": [
      3,
      []
    ],
    "-2102557676": [
      7,
      []
    ],
    "-2092145828": [
      14,
      []
    ],
    "-2080237882": [
      8,
      []
    ],
    "-2078137563": [
      15,
      []
    ],
    "-2040321887": [
      1,
      []
    ],
    "-2038116807": [
      8,
      []
    ],
    "-2034029877": [
      5,
      []
    ],
    "-1988377662": [
      16,
      []
    ],
    "-1955156579": [
      5,
      []
    ],
    "-1936511818": [
      6,
      []
    ],
    "-1911048995": [
      4,
      []
    ],
    "-1903657853": [
      8,
      []
    ],
    "-1886090675": [
      17,
      []
    ],
    "-1801125873": [
      4,
      []
    ],
    "-1784071117": [
      4,
      []
    ],
    "-1766495567": [
      13,
      []
    ],
    "-1766151470": [
      9,
      []
    ],
    "-1740846910": [
      7,
      []
    ],
    "-1737120367": [
      10,
      []
    ],
    "-1733810260": [
      0,
      []
    ],
    "-1728931273": [
      17,
      []
    ],
    "-1698189105": [
      14,
      []
    ],
    "-1693091211": [
      2,
      []
    ],
    "-1678144384": [
      3,
      []
    ],
    "-1593310602": [
      13,
      []
    ],
    "-1576371754": [
      4,
      []
    ],
    "-1513143573": [
      13,
      []
    ],
    "-1512388807": [
      17,
      []
    ],
    "-1503031154": [
      17,
      []
    ],
    "-1499198242": [
      0,
      []
    ],
    "-1491963420": [
      17,
      []
    ],
    "-1478145475": [
      13,
      []
    ],
    "-1441267942": [
      17,
      []
    ],
    "-1418762764": [
      10,
      []
    ],
    "-1410477815": [
      12,
      []
    ],
    "-1405167925": [
      9,
      []
    ],
    "-1392441149": [
      5,
      []
    ],
    "-1385348134": [
      7,
      []
    ],
    "-1310138096": [
      17,
      []
    ],
    "-1305762215": [
      17,
      []
    ],
    "-1274198251": [
      4,
      []
    ],
    "-1268222473": [
      16,
      []
    ],
    "-1266243177": [
      11,
      []
    ],
    "-1263886114": [
      4,
      []
    ],
    "-1248163382": [
      7,
      []
    ],
    "-1197663763": [
      17,
      []
    ],
    "-1174733364": [
      17,
      []
    ],
    "-1151202727": [
      4,
      []
    ],
    "-1133508295": [
      15,
      []
    ],
    "-1133138962": [
      1,
      []
    ],
    "-1115422287": [
      17,
      []
    ],
    "-1096013792": [
      4,
      []
    ],
    "-1056508843": [
      5,
      []
    ],
    "-1032728087": [
      4,
      []
    ],
    "-1022082391": [
      12,
      []
    ],
    "-1016949680": [
      2,
      []
    ],
    "-1010888653": [
      17,
      []
    ],
    "-980598458": [
      16,
      []
    ],
    "-974552435": [
      3,
      []
    ],
    "-964225666": [
      5,
      []
    ],
    "-951514316": [
      17,
      []
    ],
    "-932454643": [
      18,
      []
    ],
    "-925386076": [
      15,
      []
    ],
    "-906580779": [
      10,
      []
    ],
    "-905398802": [
      18,
      []
    ],
    "-897452182": [
      12,
      []
    ],
    "-893101850": [
      17,
      []
    ],
    "-880881063": [
      10,
      []
    ],
    "-873472746": [
      15,
      []
    ],
    "-852506554": [
      8,
      []
    ],
    "-847020222": [
      14,
      []
    ],
    "-846541656": [
      1,
      []
    ],
    "-838669854": [
      17,
      []
    ],
    "-824750402": [
      16,
      []
    ],
    "-797466762": [
      14,
      []
    ],
    "-795283273": [
      17,
      []
    ],
    "-793238437": [
      15,
      []
    ],
    "-741566554": [
      5,
      []
    ],
    "-730502628": [
      12,
      []
    ],
    "-720953044": [
      17,
      []
    ],
    "-715557085": [
      14,
      []
    ],
    "-706917067": [
      15,
      []
    ],
    "-691148439": [
      14,
      []
    ],
    "-683464844": [
      1,
      []
    ],
    "-652822481": [
      9,
      []
    ],
    "-647803466": [
      0,
      []
    ],
    "-644175822": [
      15,
      []
    ],
    "-629808164": [
      8,
      []
    ],
    "-556766456": [
      17,
      []
    ],
    "-555858589": [
      17,
      []
    ],
    "-553080965": [
      0,
      []
    ],
    "-552936849": [
      9,
      []
    ],
    "-539118567": [
      9,
      []
    ],
    "-533791713": [
      8,
      []
    ],
    "-526525851": [
      0,
      []
    ],
    "-521379243": [
      12,
      []
    ],
    "-507448300": [
      17,
      []
    ],
    "-493442721": [
      16,
      []
    ],
    "-489990776": [
      17,
      []
    ],
    "-472152863": [
      17,
      []
    ],
    "-453178698": [
      14,
      []
    ],
    "-453033857": [
      13,
      []
    ],
    "-439540585": [
      9,
      []
    ],
    "-438757853": [
      13,
      []
    ],
    "-438748575": [
      9,
      []
    ],
    "-438350712": [
      16,
      []
    ],
    "-425381507": [
      17,
      []
    ],
    "-369141524": [
      0,
      []
    ],
    "-346952329": [
      4,
      []
    ],
    "-343568642": [
      17,
      []
    ],
    "-331091011": [
      4,
      []
    ],
    "-325825097": [
      7,
      []
    ],
    "-323376397": [
      12,
      []
    ],
    "-320141794": [
      18,
      []
    ],
    "-303604637": [
      16,
      []
    ],
    "-298683214": [
      16,
      []
    ],
    "-296872686": [
      8,
      []
    ],
    "-279023156": [
      13,
      []
    ],
    "-277097626": [
      17,
      []
    ],
    "-238223572": [
      3,
      []
    ],
    "-235263491": [
      4,
      []
    ],
    "-222665452": [
      14,
      []
    ],
    "-203021715": [
      17,
      []
    ],
    "-197594224": [
      8,
      []
    ],
    "-191343065": [
      4,
      []
    ],
    "-157454894": [
      8,
      []
    ],
    "-150633686": [
      14,
      []
    ],
    "-144512344": [
      8,
      []
    ],
    "-125204344": [
      16,
      []
    ],
    "-116027977": [
      16,
      []
    ],
    "-114762618": [
      11,
      []
    ],
    "-90798329": [
      1,
      []
    ],
    "-89452242": [
      13,
      []
    ],
    "-47539820": [
      8,
      []
    ],
    "-28729359": [
      9,
      []
    ],
    "-21805579": [
      8,
      []
    ],
    "-12894809": [
      17,
      []
    ],
    "28534242": [
      8,
      []
    ],
    "54564382": [
      17,
      []
    ],
    "58641521": [
      12,
      []
    ],
    "81150163": [
      11,
      []
    ],
    "108865025": [
      15,
      []
    ],
    "108865895": [
      8,
      []
    ],
    "119355678": [
      4,
      []
    ],
    "123178507": [
      11,
      []
    ],
    "151582833": [
      9,
      []
    ],
    "151728078": [
      18,
      []
    ],
    "156827841": [
      17,
      []
    ],
    "165410966": [
      11,
      []
    ],
    "169255737": [
      9,
      []
    ],
    "187523303": [
      5,
      []
    ],
    "193282792": [
      2,
      []
    ],
    "240961532": [
      18,
      []
    ],
    "275957063": [
      14,
      []
    ],
    "305304883": [
      14,
      []
    ],
    "307289869": [
      4,
      []
    ],
    "356110861": [
      17,
      []
    ],
    "362418082": [
      17,
      []
    ],
    "368702309": [
      18,
      []
    ],
    "385185255": [
      12,
      []
    ],
    "394902418": [
      14,
      []
    ],
    "420189960": [
      17,
      []
    ],
    "426699882": [
      17,
      []
    ],
    "435496541": [
      1,
      []
    ],
    "435765269": [
      4,
      []
    ],
    "444518181": [
      9,
      []
    ],
    "454022018": [
      9,
      []
    ],
    "516021416": [
      9,
      []
    ],
    "522099419": [
      17,
      []
    ],
    "525827933": [
      15,
      []
    ],
    "526205031": [
      1,
      []
    ],
    "564283762": [
      4,
      []
    ],
    "583074351": [
      12,
      []
    ],
    "593772343": [
      2,
      []
    ],
    "595056207": [
      7,
      []
    ],
    "637264878": [
      12,
      []
    ],
    "685700689": [
      17,
      []
    ],
    "701574440": [
      1,
      []
    ],
    "706866696": [
      10,
      []
    ],
    "722222841": [
      12,
      []
    ],
    "741940098": [
      1,
      []
    ],
    "748425703": [
      17,
      []
    ],
    "771059375": [
      5,
      []
    ],
    "788212482": [
      8,
      []
    ],
    "795067191": [
      7,
      []
    ],
    "795801230": [
      12,
      []
    ],
    "804234817": [
      15,
      []
    ],
    "810877879": [
      15,
      []
    ],
    "844277690": [
      17,
      []
    ],
    "848792156": [
      12,
      []
    ],
    "850919515": [
      0,
      []
    ],
    "868418596": [
      9,
      []
    ],
    "910485748": [
      4,
      []
    ],
    "917152539": [
      14,
      []
    ],
    "929624496": [
      17,
      []
    ],
    "930354666": [
      14,
      []
    ],
    "931326498": [
      14,
      []
    ],
    "933545193": [
      17,
      []
    ],
    "965838161": [
      0,
      []
    ],
    "966088885": [
      11,
      []
    ],
    "973591990": [
      14,
      []
    ],
    "996504108": [
      15,
      []
    ],
    "1013166223": [
      12,
      []
    ],
    "1015878004": [
      17,
      []
    ],
    "1029888340": [
      16,
      []
    ],
    "1034712510": [
      13,
      []
    ],
    "1042266876": [
      17,
      []
    ],
    "1098241950": [
      6,
      []
    ],
    "1108253570": [
      9,
      []
    ],
    "1147778661": [
      2,
      []
    ],
    "1190501343": [
      15,
      []
    ],
    "1224524717": [
      17,
      []
    ],
    "1234290480": [
      10,
      []
    ],
    "1245550038": [
      17,
      []
    ],
    "1252059846": [
      16,
      []
    ],
    "1265320007": [
      17,
      []
    ],
    "1310853103": [
      3,
      []
    ],
    "1313762099": [
      2,
      []
    ],
    "1344185453": [
      3,
      []
    ],
    "1353766907": [
      13,
      []
    ],
    "1367920889": [
      11,
      []
    ],
    "1402320748": [
      17,
      []
    ],
    "1406722857": [
      3,
      []
    ],
    "1424451885": [
      4,
      []
    ],
    "1429545889": [
      12,
      []
    ],
    "1432717369": [
      3,
      []
    ],
    "1433782505": [
      10,
      []
    ],
    "1438894352": [
      8,
      []
    ],
    "1455860458": [
      14,
      []
    ],
    "1456223884": [
      2,
      []
    ],
    "1466188250": [
      17,
      []
    ],
    "1475386929": [
      11,
      []
    ],
    "1475724929": [
      1,
      []
    ],
    "1487721817": [
      17,
      []
    ],
    "1542598647": [
      11,
      []
    ],
    "1548472599": [
      4,
      []
    ],
    "1566004777": [
      17,
      []
    ],
    "1571075866": [
      3,
      []
    ],
    "1575259767": [
      15,
      []
    ],
    "1595286155": [
      1,
      []
    ],
    "1605041837": [
      3,
      []
    ],
    "1618213236": [
      13,
      []
    ],
    "1619269789": [
      16,
      []
    ],
    "1625187165": [
      16,
      []
    ],
    "1626850057": [
      8,
      []
    ],
    "1657670119": [
      17,
      []
    ],
    "1661874701": [
      17,
      []
    ],
    "1664212683": [
      17,
      []
    ],
    "1666136759": [
      17,
      []
    ],
    "1668791355": [
      0,
      []
    ],
    "1669850705": [
      0,
      []
    ],
    "1672624274": [
      17,
      []
    ],
    "1675374130": [
      8,
      []
    ],
    "1677859353": [
      15,
      []
    ],
    "1703490230": [
      17,
      []
    ],
    "1712732662": [
      5,
      []
    ],
    "1726511685": [
      17,
      []
    ],
    "1727986732": [
      0,
      []
    ],
    "1737454017": [
      17,
      []
    ],
    "1737735148": [
      11,
      []
    ],
    "1742530397": [
      12,
      []
    ],
    "1769514430": [
      17,
      []
    ],
    "1771410551": [
      13,
      []
    ],
    "1809674417": [
      17,
      []
    ],
    "1843806301": [
      13,
      []
    ],
    "1882075647": [
      14,
      []
    ],
    "1887887912": [
      4,
      []
    ],
    "1899592825": [
      4,
      []
    ],
    "1903825040": [
      6,
      []
    ],
    "1917523316": [
      15,
      []
    ],
    "1926235245": [
      16,
      []
    ],
    "1928402012": [
      16,
      []
    ],
    "1935261382": [
      8,
      []
    ],
    "1962491133": [
      17,
      []
    ],
    "1969682713": [
      2,
      []
    ],
    "1970818202": [
      13,
      []
    ],
    "1977941337": [
      13,
      []
    ],
    "1981205251": [
      17,
      []
    ],
    "2001311514": [
      8,
      []
    ],
    "2011160143": [
      17,
      []
    ],
    "2029572228": [
      3,
      []
    ],
    "2066929504": [
      3,
      []
    ],
    "2075730051": [
      6,
      []
    ],
    "2086030860": [
      16,
      []
    ],
    "2097776171": [
      17,
      []
    ]
  },
  "slots_names": [],
  "stop_words_whitelist": {}
}